번호,프로그램명,장르,채널,날짜,요일,시작시간,종료시간,방송길이,회차,개인 전체_시청시간,개인전체_시청률,4-9세 남자_시청시간,4-9세 남자_시청률,4-9세 여자_시청시간,4-9세 여자_시청률,10대 남자_시청시간,10대 남자_시청률,10대 여자_시청시간,10대 여자_시청률,20대 남자_시청시간,20대 남자_시청률,20대 여자_시청시간,20대 여자_시청률,30대 남자_시청시간,30대 남자_시청률,30대 여자_시청시간,30대 여자_시청률,40대 남자_시청시간,40대 남자_시청률,40대 여자_시청시간,40대 여자_시청률,50대 남자_시청시간,50대 남자_시청률,50대 여자_시청시간,50대 여자_시청률,60세 이상 남자_시청시간,60세 이상 남자_시청률,60세 이상 여자_시청시간,60세 이상 여자_시청률
1313,고딩엄빠2(본),오락,MBN,2022-10-11 0:00:00,화,22:22:15,23:10:33,48:18:00,19회,0.694698105,0.789429665,0.008282736,0.0094122,0.009844294,0.011186698,0.109959887,0.124954417,0.005865124,0.006664914,0.620858233,0.70552072,0.207126797,0.23537136,0.647199918,0.735454452,0.731010592,0.830693854,0.622662892,0.707571469,0.908564994,1.03246022,0.351331818,0.399240703,0.678812563,0.771377912,0.879116023,0.998995481,1.585145586,1.801301802
1333,고딩엄빠2(본),오락,MBN,2022-10-18 0:00:00,화,22:21:12,23:05:29,44:17:00,20회,0.68834683,0.80040329,1.027875538,1.195204114,0,0,0.697730202,0.811314188,0.383096564,0.445461121,0.169323114,0.196887342,0.0038482,0.004474651,0.296966362,0.345309724,0.733103667,0.852446124,0.719173844,0.836248656,0.592809281,0.689313117,0.450178705,0.523463611,1.211601919,1.40883944,1.088458563,1.265649492,1.10592964,1.285964697
1394,고딩엄빠2(본),오락,MBN,2022-10-25 0:00:00,화,22:22:28,23:07:13,41:53:00,21회,0.667425208,0.767155411,0.010759092,0.012366772,0.067747384,0.077870556,0.097623458,0.112210871,0.120085591,0.138029414,0,0,0.254727776,0.292790548,0.45260752,0.520238529,0.804439286,0.924642857,0.631572703,0.725945636,0.792907116,0.911387489,0.254063579,0.292027103,1.234659144,1.419148441,0.743514361,0.854614208,1.601625191,1.840948496
1666,고딩엄빠2(본),오락,MBN,2022-10-04 0:00:00,화,22:21:19,23:09:18,47:59:00,18회,0.580308103,0.674776864,0.005192653,0.006037969,0,0,0.432013971,0.502341827,0.3202272,0.372357209,0.191772212,0.222990944,0.158549097,0.184359415,0.420851452,0.489362153,0.51062759,0.593753012,0.388982028,0.452304684,0.592013496,0.688387786,0.738020667,0.858163566,0.681069698,0.79194151,0.636501369,0.74011787,1.303800342,1.51604691
730,고딩엄빠2(본),오락,MBN,2022-11-01 0:00:00,화,22:20:00,23:07:15,47:15:00,22회,0.993656827,1.142134283,0,0,0,0,0.079332788,0.091187112,0.181265776,0.208351466,0.005918534,0.006802913,0.808524566,0.929338581,0.59995082,0.689598643,0.840587543,0.966192578,1.250732348,1.437623388,0.751966767,0.864329617,0.506535284,0.582224465,1.951469293,2.243068153,1.582436214,1.8188922,1.949347232,2.240629003
796,고딩엄빠2(본),오락,MBN,2022-11-22 0:00:00,화,22:24:52,23:12:31,47:39:00,25회,0.934957553,1.074663854,0,0,0.44773673,0.514639919,0.375025223,0.431063474,0.222993265,0.256314098,0.057185589,0.065730562,0.11126987,0.127896403,0.449747663,0.516951337,0.897902869,1.032072264,0.856921113,0.984966797,0.955179874,1.097907901,0.661825884,0.760719407,1.468143362,1.687521105,1.579493877,1.815510203,1.994001116,2.291955306
817,고딩엄빠2(본),오락,MBN,2022-11-29 0:00:00,화,22:23:58,23:12:40,37:10:00,26회,0.918991991,1.068595339,0,0,0,0,0.818516135,0.951762947,0.123298267,0.143370078,0.826226098,0.960728021,0.801699809,0.93220908,0.979365354,1.138796923,1.569665082,1.825191956,1.24389546,1.44639007,0.940000457,1.093023787,0.874486073,1.016844271,0.713289905,0.829406866,1.275655775,1.483320669,0.937079477,1.089627299
951,고딩엄빠2(본),오락,MBN,2022-11-15 0:00:00,화,22:23:00,23:13:46,50:46:00,24회,0.839191888,0.964588377,0.439631442,0.505323497,0,0,0.378295174,0.434822039,0.014733161,0.016934668,0.203322863,0.23370444,0.548803045,0.630808097,0.851988458,0.979297079,1.610247827,1.850859572,0.747997265,0.859766971,1.240055347,1.425350973,0.749736175,0.861765719,0.979142594,1.125451258,1.0972473,1.261203793,1.127581308,1.296070469
1405,고딩엄빠2(본),오락,MBN,2022-11-08 0:00:00,화,22:22:11,23:09:58,47:47:00,23회,0.638962876,0.726094177,0.617285692,0.701461014,0,0,0.975331082,1.108330775,0,0,0.417629869,0.474579397,0.003061172,0.003478605,0.284132076,0.32287736,0.354421442,0.402751639,0.409504113,0.465345583,1.020268249,1.159395738,0.410345987,0.466302258,1.102043297,1.252321928,0.880378405,1.000430006,1.120109612,1.272851832
261,조선의사랑꾼(본),오락,TV CHOSUN,2022-12-26 0:00:00,월,22:09:05,23:26:49,77:44:00,1회,2.064961538,1.912001424,1.676736663,1.552533948,0.11344006,0.105037092,0.846214237,0.783531701,0.246400248,0.228148378,0.551336004,0.5104963,0.871694375,0.807124421,1.080822006,1.000761117,0.6903151,0.639180648,0.593421236,0.549464108,1.910309408,1.768805008,1.968705327,1.822875303,2.52137522,2.334606686,3.397879943,3.146185132,5.45631591,5.052144361
602,고딩엄빠2(본),오락,MBN,2022-12-21 0:00:00,수,22:23:31,23:04:23,46:21:00,29회,1.19765251,1.392619198,0,0,0,0,0.402683933,0.468237131,0.04019267,0.046735662,0.562229878,0.653755672,0.408439133,0.474929224,0.69800453,0.811633174,0.787190728,0.915338056,0.373438132,0.434230386,1.428128637,1.660614694,1.536180051,1.786255873,1.738600921,2.021628978,1.723424554,2.00398204,2.723529153,3.166894364
700,고딩엄빠2(본),오락,MBN,2022-12-28 0:00:00,수,22:22:59,23:13:05,50:06:00,30회,1.094789416,1.287987548,0,0,0.068283873,0.080333968,0.357801044,0.420942404,0.356780675,0.41974197,0.377717345,0.444373347,0.514605439,0.605418164,0.519257169,0.610890787,0.743693428,0.874933444,0.566544981,0.666523507,1.002629603,1.179564239,0.97135875,1.142774999,1.784582924,2.099509323,1.581046599,1.860054822,2.616611961,3.078367013
990,고딩엄빠2(본),오락,MBN,2022-12-06 0:00:00,화,22:22:39,23:09:18,46:39:00,27회,0.885210659,1.053822213,0.293866601,0.349841192,0.616113677,0.733468663,0.406058669,0.483403177,0.027608891,0.032867728,0.922819174,1.098594255,0.395814127,0.471207294,0.576002772,0.685717585,1.764298566,2.100355436,0.999075613,1.18937573,1.472899158,1.753451378,0.766621346,0.91264446,1.352272002,1.609847622,0.711216846,0.846686721,0.954751337,1.136608735
1915,고딩엄빠2(본),오락,MBN,2022-12-13 0:00:00,화,22:22:18,23:12:23,50:05:00,28회,0.507566646,0.590193775,1.609591123,1.871617584,0,0,0.121939654,0.141790295,0.14709514,0.17104086,0.160801652,0.186978665,0.146681098,0.170559416,0.315404739,0.366749697,0.623197175,0.724647878,0.594817937,0.691648764,0.679899281,0.79058056,0.343524523,0.39944712,0.781549725,0.90877875,0.70375853,0.818323872,0.636703727,0.740353171
1323,고딩엄빠(본),오락,MBN,2022-04-03 0:00:00,일,21:21:05,21:59:36,47:08:00,5회,0.708602265,0.823956122,0.129847379,0.150985324,0.662146771,0.769938106,0.134545936,0.156448763,1.17037352,1.360899442,0.167382174,0.194630435,0.373892322,0.434758513,0.675373543,0.785318073,0.448123483,0.521073817,0.43016699,0.500194174,0.741224365,0.861888796,0.704780229,0.819511894,0.797667103,0.927519887,0.78386076,0.911466,1.448533223,1.684340957
1377,고딩엄빠(본),오락,MBN,2022-04-24 0:00:00,일,21:21:27,22:04:31,42:54:00,8회,0.681343266,0.783153179,0.457749905,0.526149316,0.658547508,0.756951158,0.194246953,0.22327236,0.975657849,1.121445804,0.030457243,0.035008326,0.660638254,0.759354315,0.759054231,0.872476127,0.362977405,0.417215408,0.61090584,0.702190621,0.950356027,1.092363249,0.802622899,0.922555056,0.911823573,1.048073073,0.862882153,0.991818567,0.759946371,0.873501576
1443,고딩엄빠(본),오락,MBN,2022-04-17 0:00:00,일,21:19:58,22:02:18,42:20:00,7회,0.658639356,0.774869831,0,0,0.132637584,0.156044216,0.296815167,0.349194314,0.549394644,0.646346639,0.102755639,0.120888987,0.080835012,0.095100014,0.160035097,0.188276585,0.116038681,0.136516095,0.464150861,0.546059836,0.678454313,0.798181544,0.664744976,0.782052913,1.232760222,1.450306144,1.049244823,1.234405675,1.479803361,1.740945131
1494,고딩엄빠(본),오락,MBN,2022-04-10 0:00:00,일,21:24:44,21:58:50,46:51:00,6회,0.639810014,0.789888906,1.497961821,1.849335581,1.190927936,1.470281402,0.04224697,0.052156753,0.503437477,0.62152775,0.375354959,0.463401184,0.163669954,0.202061672,0.234558289,0.289578135,0.612775196,0.756512588,0.524625433,0.64768572,0.362345609,0.447340258,0.429058713,0.529702114,0.773131001,0.954482717,0.959420185,1.184469365,1.197024118,1.477807554
1377,고딩엄빠(본),오락,MBN,2022-05-22 0:00:00,일,21:20:48,21:58:41,,12회,0.69125656,0.803786698,1.707636309,1.985623615,1.250434655,1.453993784,0.24063699,0.279810454,0.009706209,0.011286289,0.095655806,0.111227681,0.115257161,0.134019955,1.231055933,1.431460387,0.918198261,1.067672397,0.473094952,0.55011041,0.259041503,0.30121105,0.309369992,0.359732549,0.612611743,0.712339236,1.011089105,1.175685006,1.324204205,1.539772331
1429,고딩엄빠(본),오락,MBN,2022-05-08 0:00:00,일,21:22:23,21:58:29,,10회,0.670923689,0.808341794,0,0,0.075969066,0.091528995,0.148324446,0.178704152,0.726521427,0.87532702,0.187051847,0.225363671,0.090524421,0.109065567,0.518322149,0.624484516,0.835461898,1.006580601,0.580103725,0.698920151,0.854093791,1.029028664,0.388825217,0.468464117,0.831923493,1.002317461,1.030426086,1.241477212,1.270108621,1.53025135
1898,고딩엄빠(본),오락,MBN,2022-05-15 0:00:00,일,21:22:06,21:58:46,,11회,0.525035006,0.617688243,0.411620597,0.484259525,0.310137666,0.364867843,0.041649693,0.048999639,0.596709028,0.702010621,0.016675125,0.019617794,0.114707111,0.134949542,0.70661446,0.83131113,0.221816828,0.260960974,0.335565809,0.394783305,0.247658026,0.291362384,0.40288951,0.473987658,0.654945264,0.77052384,0.778695469,0.916112317,1.24716277,1.467250318
3223,고딩엄빠(본),오락,MBN,2022-05-01 0:00:00,일,22:01:06,22:47:26,,9회,0.293322393,0.637657377,0.934005313,2.030446332,0.529390733,1.150849419,0.062455318,0.135772431,0.097968547,0.212975103,0.095564948,0.207749887,0.339894921,0.738902002,0.060056246,0.130557057,0.243123986,0.528530404,0.268732905,0.584201967,0.128904426,0.280227014,0.206285476,0.448446686,0.235595379,0.512163868,0.377856032,0.821426156,0.619166251,1.346013589
1226,고딩엄빠2(본),오락,MBN,2022-06-07 0:00:00,화,22:23:46,23:06:17,42:31:00,1회,0.72330611,0.850948365,0,0,0.378481766,0.445272666,0.122222277,0.143790914,0.030884618,0.036334844,0.535654659,0.630181952,0.105479768,0.124093845,0.226889609,0.266928951,0.822398911,0.96752813,0.685466208,0.806430833,1.143691257,1.345519126,0.594990674,0.699989028,1.314496735,1.546466748,0.900697576,1.059644207,1.259551895,1.481825759
1346,고딩엄빠2(본),오락,MBN,2022-06-14 0:00:00,화,22:21:54,23:06:21,44:27:00,2회,0.668293586,0.814992178,0.003747964,0.004570688,0,0,0.367713936,0.44843163,0.032227997,0.039302436,0.302680126,0.369122105,0.029765471,0.036299355,0.985742697,1.20212524,0.990069199,1.207401462,0.125154249,0.152627133,0.820705231,1.000860037,0.619233411,0.755162696,1.213268494,1.479595724,0.96620643,1.178300524,1.034070817,1.261061971
1523,고딩엄빠2(본),오락,MBN,2022-06-21 0:00:00,화,22:22:47,23:07:15,40:25:00,3회,0.607213256,0.714368536,0.359841091,0.42334246,1.450713223,1.706721439,0,0,0.103131361,0.121331013,1.002029393,1.178858109,0.189327088,0.222737751,0.578543238,0.680639103,1.219883747,1.435157349,0.201357373,0.236891027,0.068656165,0.080771959,0.70332355,0.827439471,0.775221575,0.912025382,0.530567945,0.624197582,1.029010912,1.210601073
5170,고딩엄빠2(본),오락,MBN,2022-06-28 0:00:00,화,22:22:15,23:08:27,38:53:00,4회,0.099407995,0.116950583,0,0,0,0,0,0,0,0,0,0,0,0,0,0,0,0,0,0,0.015262926,0.017956384,0.002394599,0.002817176,0.255978998,0.301151763,0.097016815,0.114137429,0.459094012,0.540110603
1058,고딩엄빠2(본),오락,MBN,2022-07-26 0:00:00,화,22:24:47,23:06:05,41:18:00,8회,0.81576823,0.982853289,0.695352225,0.837773765,0,0,0.584939004,0.704745789,0.166500487,0.200602996,0.095999305,0.115661813,0.385418208,0.464359287,1.013558492,1.22115481,1.012948681,1.220420097,0.324252425,0.390665572,0.847037957,1.020527659,0.525340542,0.632940413,1.236475292,1.489729268,1.268766944,1.528634872,1.422635311,1.714018447
1240,고딩엄빠2(본),오락,MBN,2022-07-05 0:00:00,화,22:25:33,23:04:09,47:12:00,5회,0.73655025,0.85645378,0,0,0,0,0.529531611,0.615734431,0.10212786,0.118753325,0.638547447,0.742497032,0.2233912,0.259757209,0.684862606,0.796351867,1.017374715,1.182993854,0.25032466,0.291075186,0.57220041,0.665349314,0.884752265,1.028781704,0.905198166,1.052556007,0.921600426,1.071628402,1.458833233,1.696317712
1607,고딩엄빠2(본),오락,MBN,2022-07-19 0:00:00,화,22:22:50,23:09:40,46:50:00,7회,0.6011724,0.699037674,0.051109776,0.059429972,0,0,0.216179482,0.251371491,0.006355065,0.007389611,0.06926758,0.080543697,0,0,1.119106303,1.301286399,0.900133304,1.046666633,0.490333503,0.570155236,0.539358444,0.627160982,0.487421079,0.566768696,0.703868667,0.818451939,0.944693515,1.098480832,1.057504091,1.22965592
2018,고딩엄빠2(본),오락,MBN,2022-07-12 0:00:00,화,22:23:13,23:06:01,42:48:00,6회,0.479960623,0.558093747,0.184896577,0.214996019,0,0,0.098855911,0.114948734,0.003273377,0.003806253,0.016602477,0.019305205,0.010573895,0.012295227,0.950709505,1.105476168,0.733500836,0.852907949,0.056575065,0.065784959,0.404349845,0.470174238,0.493339705,0.57365082,0.761274184,0.88520254,0.621138458,0.722254021,0.960458134,1.116811784
823,고딩엄빠2(본),오락,MBN,2022-08-16 0:00:00,화,22:24:13,23:02:32,38:19:00,11회,0.923855743,1.049836072,0,0,0.532792623,0.605446163,0.289992341,0.329536751,0.467120442,0.530818684,0.273717492,0.311042605,0.474121467,0.538774394,0.808703968,0.918981782,0.620571277,0.705194633,0.894730424,1.016739118,0.854783217,0.971344565,0.626642147,0.712093349,1.833154602,2.08313023,1.430697426,1.62579253,1.490432036,1.693672768
1296,고딩엄빠2(본),오락,MBN,2022-08-30 0:00:00,화,22:23:28,23:04:37,46:22:00,13회,0.702641191,0.798455899,0.257057732,0.292111059,0.023988947,0.027260167,0,0,0.418265949,0.475302215,0.820190929,0.932035146,0.079831461,0.090717569,0.279130409,0.317193646,1.086752098,1.234945565,0.396876536,0.450996063,0.576389719,0.654988317,0.765890177,0.870329747,1.016034267,1.154584394,0.638476162,0.725541094,1.549571107,1.760876258
1301,고딩엄빠2(본),오락,MBN,2022-08-23 0:00:00,화,22:23:13,23:04:36,41:23:00,12회,0.701676891,0.815903361,0.663049285,0.77098754,0,0,0.676864436,0.78705167,0,0,0.063878432,0.074277247,0.127782981,0.148584861,0.709618456,0.825137739,0.914113254,1.062922388,0.519742115,0.604351296,0.84006569,0.97682057,0.44517199,0.517641849,1.080357745,1.256229935,0.912785834,1.061378877,1.301399977,1.513255787
1448,고딩엄빠2(본),오락,MBN,2022-08-02 0:00:00,화,22:24:57,23:05:43,40:46:00,9회,0.649288574,0.763868911,0.071740912,0.084401074,0.165895883,0.195171627,0.185595873,0.218348086,0.38065295,0.447827,0.001556952,0.001831708,0.177283949,0.208569352,0.359894961,0.423405837,1.051905599,1.237535999,0.556608959,0.654834069,1.059560912,1.24654225,0.672158003,0.790774121,1.145018329,1.347080388,0.680867125,0.801020147,1.050191624,1.235519557
3178,고딩엄빠2(본),오락,MBN,2022-08-09 0:00:00,화,22:23:55,23:06:01,42:17:00,10회,0.301846397,0.359340948,0.380510187,0.452988318,0,0,0.182884474,0.217719612,0.004534402,0.005398097,0.008739727,0.010404437,0.373904997,0.445124996,0.403330192,0.48015499,0.244460331,0.291024204,0.086183773,0.102599729,0.284083734,0.338194922,0.232587116,0.276889424,0.662383637,0.788551949,0.369035667,0.439328175,0.463831554,0.552180421
888,조선의사랑꾼(본),오락,TV조선,2022-09-12 0:00:00,월,22:09:05,23:28:23,79:18:00,2회,0.903743444,1.143979043,0.082989257,0.105049692,0.276608152,0.350136902,0.392462479,0.496787948,0.347326175,0.439653386,0.241110039,0.305202581,0.99529056,1.259861469,0.246398628,0.311896998,0.355149574,0.449556423,0.621066565,0.786160209,0.721228822,0.912947876,0.734657094,0.929945688,1.071760325,1.356658639,1.634397535,2.06885764,2.032350319,2.572595341
1011,고딩엄빠2(본),오락,MBN,2022-09-27 0:00:00,화,22:20:17,23:05:59,45:42:00,17회,0.819279417,0.930999337,0,0,0,0,0.364870731,0.414625831,0.001328218,0.001509338,1.032646559,1.173461999,0.164703443,0.187163004,0.283808053,0.322509152,1.422189733,1.616124697,0.688090183,0.781920662,0.46942032,0.533432182,0.587388329,0.667486738,1.480649318,1.682556043,0.956346591,1.086757489,1.588621336,1.805251519
1061,고딩엄빠2(본),오락,MBN,2022-09-13 0:00:00,화,22:24:10,23:10:39,46:29:00,15회,0.792192777,0.91056641,0.749135178,0.861074918,0,0,0.386732956,0.444520639,0.1513088,0.173918161,0.828633649,0.95245247,0.349335496,0.401535053,0.403376491,0.46365114,1.089398916,1.252182662,0.620514563,0.71323513,0.577922915,0.664279212,0.676971004,0.778127591,1.498611925,1.722542443,0.974843498,1.120509768,1.219295214,1.401488752
1293,조선의사랑꾼(본),오락,TV조선,2022-09-11 0:00:00,일,22:09:06,23:41:11,92:05:00,1회,0.703729761,0.764923654,0.10119406,0.109993543,0.161855862,0.175930285,0.158453892,0.172232492,0.14688791,0.159660772,0.223080481,0.242478784,0.583607125,0.63435557,0.265014569,0.288059314,0.295165647,0.320832225,0.731062624,0.794633287,0.494328845,0.537313962,0.589280008,0.640521747,0.836653442,0.909405916,1.334846604,1.450920222,1.521682453,1.654002666
1309,고딩엄빠2(본),오락,MBN,2022-09-06 0:00:00,화,22:24:05,23:06:36,42:31:00,14회,0.698762782,0.803175611,0,0,0,0,0.21828033,0.250896931,0.132372686,0.152152513,1.053657896,1.21110103,0.002835678,0.0032594,0.334101721,0.384024966,0.945454388,1.086729182,0.897332787,1.031416997,0.468049986,0.53798849,0.38079529,0.437695735,0.852202658,0.979543285,0.931850903,1.071092992,1.398486071,1.607455254
1399,고딩엄빠2(본),오락,MBN,2022-09-20 0:00:00,화,22:24:42,23:12:10,39:38:00,16회,0.669146621,0.769134047,0,0,0.005677647,0.00652603,0.274318282,0.31530837,0.248466368,0.285593527,0.156519208,0.179907135,0.085374109,0.09813116,0.497425214,0.57175312,0.678818099,0.780250689,0.88296026,1.014896851,0.526247059,0.604881677,0.516499218,0.593677262,1.64706176,1.893174437,0.793859366,0.91248203,1.111795349,1.277925688
462,조선의사랑꾼(본),오락,TV CHOSUN,2023-01-30 0:00:00,월,22:08:41,23:10:04,27:48:00,6회,1.535061007,1.724787649,0,0,0.19721662,0.221591708,0.228044064,0.256229285,0.975875734,1.096489589,1.021588981,1.147852788,0.029204755,0.032814332,0.998296029,1.121680931,0.909343354,1.021734106,0.551498723,0.619661486,1.098841735,1.234653635,1.571791929,1.766058347,2.309353907,2.594779671,2.606595414,2.928758892,3.553532236,3.992732849
488,조선의사랑꾼(본),오락,TV CHOSUN,2023-01-23 0:00:00,월,22:09:44,23:12:54,25:50:00,5회,1.483204185,1.666521556,0.091240278,0.102517167,0.721817787,0.811031221,1.33189742,1.496513955,0.044417643,0.049907464,0.177722462,0.199688159,0.326675941,0.367051619,0.644417524,0.724064633,0.998364795,1.121758197,0.725246834,0.814884083,0.683906127,0.76843385,0.960744558,1.079488268,1.954054252,2.195566575,3.108187062,3.492345013,3.729238163,4.190155239
498,조선의사랑꾼(본),오락,TV CHOSUN,2023-01-02 0:00:00,월,22:09:01,23:19:55,70:54:00,2회,1.462681737,1.379888431,0.131214838,0.123787583,0,0,0.062768222,0.059215303,0.236038342,0.222677682,0.429882988,0.405549988,0.867486276,0.818383279,1.189947558,1.122592036,0.667623965,0.629833929,1.22753929,1.158055934,0.670862843,0.632889474,1.896610194,1.7892549,2.724726251,2.570496463,1.855080544,1.750075985,3.295946395,3.109383391
666,고딩엄빠3(본),오락,MBN,2023-01-25 0:00:00,수,22:25:02,23:11:46,46:44:00,2회,1.223532697,1.422712438,1.084012044,1.260479121,0,0,1.625124476,1.889679623,0.966727524,1.124101772,0.488791515,0.568362227,0.369097525,0.429183168,0.671611051,0.780943082,2.305352169,2.680642057,0.717775577,0.834622764,0.800186373,0.930449271,1.25614993,1.460639454,1.53471498,1.784552302,1.599603553,1.860004131,1.940239635,2.256092599
791,조선의사랑꾼(본),오락,TV CHOSUN,2023-01-09 0:00:00,월,22:09:31,23:02:39,53:08:00,3회,1.102923845,1.212004225,1.018015768,1.118698646,0.18274881,0.200822868,0.982278202,1.079426596,0.004040996,0.004440655,0.467707446,0.513964227,0.499526445,0.548930159,0.832410764,0.914737103,0.72162238,0.792991627,0.743734645,0.817290818,0.624350626,0.686099589,0.821678239,0.90294312,1.170059313,1.285779465,1.777752072,1.953573705,2.591115617,2.847379798
965,조선의사랑꾼(본),오락,TV CHOSUN,2023-01-16 0:00:00,월,22:09:17,23:01:54,52:37:00,4회,0.988562847,1.098403164,0,0,0,0,0.154419661,0.171577401,0.025606289,0.028451432,0.599130346,0.665700384,0.124927176,0.138807974,0.531100263,0.590111404,0.70917107,0.787967856,0.516554403,0.573949337,0.564340462,0.627044958,0.520652152,0.578502391,1.359441191,1.510490212,1.752199126,1.946887918,2.777281431,3.085868257
1061,고딩엄빠3(본),오락,MBN,2023-01-18 0:00:00,수,22:23:59,23:11:35,47:36:00,1회,0.921352923,1.046991958,0,0,0.066182873,0.07520781,1.739115803,1.976267958,0.106552577,0.121082474,0.02307646,0.02622325,0.374621163,0.425705867,0.746025109,0.847755805,1.486096543,1.688746072,0.278897019,0.316928431,0.300493155,0.341469495,0.410888474,0.46691872,1.095920026,1.245363666,1.0766938,1.223515682,2.52690193,2.871479466
703,고딩엄빠4(본),오락,MBN,2023-10-11 0:00:00,수,22:25:00,23:35:54,70:54:00,12회,1.022678772,1.203151496,0.040896134,0.048113098,0,0,0.268152083,0.315473039,0.272526079,0.320618917,0.563146403,0.66252518,0.072023902,0.084734002,1.100712824,1.294956263,0.778406849,0.915772764,0.259014594,0.304723052,2.218772546,2.610320643,0.523238336,0.615574513,1.355135959,1.594277599,1.616843197,1.902168468,1.853391878,2.180461033
806,고딩엄빠4(본),오락,MBN,2023-10-04 0:00:00,수,22:26:10,23:32:14,18:07,11회,0.932528361,1.09709219,0,0,0,0,0.276828325,0.325680382,0.314254373,0.369711027,0.625160709,0.735483187,0.19902019,0.2341414,0.463364661,0.545134895,0.933307544,1.098008875,0.728167345,0.856667465,1.110824129,1.306851916,0.649812647,0.764485467,1.243632141,1.463096637,1.252317524,1.473314734,2.014310966,2.369777607
828,고딩엄빠4(본),오락,MBN,2023-10-18 0:00:00,수,22:24:47,23:29:49,20:21,13회,0.917034511,1.078864131,0.272397352,0.320467473,0,0,0.359877599,0.423385411,0.077964823,0.091723321,0.025353708,0.029827891,0.241730819,0.284389199,1.285849818,1.512764492,0.308493172,0.362933143,0.561262165,0.66030843,1.946231026,2.28968356,0.580983999,0.683510587,0.712535682,0.838277273,1.102522683,1.297085509,2.164825845,2.546853936
1123,고딩엄빠4(본),오락,MBN,2023-10-25 0:00:00,수,22:25:02,22:37:00,11:58,14회,0.747787337,0.879749808,0,0,0,0,0.327621858,0.38543748,0.164644995,0.193699994,0.164922517,0.19402649,0.35315054,0.415471223,1.05014666,1.235466658,0.407957179,0.479949623,0.465984447,0.548216996,1.547754657,1.820887831,0.64116976,0.754317364,0.800731668,0.942037257,0.724500035,0.852352982,1.50303069,1.7682714
681,고딩엄빠4(본),오락,MBN,2023-11-01 0:00:00,수,22:23:14,22:52:51,29:37:00,15회,1.005897101,1.183408354,0,0,0,0,0.064084369,0.075393375,0.68564995,0.806647,0.057164639,0.067252516,0.329503296,0.387650936,1.131992913,1.331756368,1.006326822,1.183913909,0.481347779,0.566291504,2.408270255,2.833259124,0.421664458,0.496075833,1.145279646,1.347387819,1.43670596,1.690242305,1.811152787,2.130767985
754,고딩엄빠4(본),오락,MBN,2023-11-22 0:00:00,수,22:23:32,23:05:10,42:55:00,18회,0.948619668,1.129309128,0.416906358,0.496317093,0,0,0.016655024,0.01982741,0.175211795,0.20858547,0.574548285,0.683986053,0.351920784,0.418953315,0.880298371,1.047974251,0.921974663,1.097588884,0.338922474,0.403479136,2.489212574,2.963348302,0.328419204,0.390975242,0.951930766,1.133250912,1.294223607,1.540742389,1.753960791,2.088048561
915,고딩엄빠4(본),오락,MBN,2023-11-29 0:00:00,수,22:22:48,22:50:33,58:08:00,19회,0.851307046,0.989891914,0.218652419,0.254246999,0,0,0,0,0.037995603,0.044180933,0.051650765,0.060059029,0.526907286,0.612682891,1.149755802,1.336925351,0.300794262,0.349760769,0.342466445,0.398216797,2.203416116,2.562111763,0.339404886,0.394656845,0.409113989,0.47571394,1.341229861,1.559569606,1.892411602,2.200478607
1085,고딩엄빠4(본),오락,MBN,2023-11-08 0:00:00,수,22:22:21,22:49:42,58:09:00,16회,0.770123866,0.895492868,0,0,0,0,0,0,0.021780408,0.025326056,0.092167513,0.107171527,0.224161475,0.260652878,1.186712137,1.379897833,0.202089169,0.234987406,0.303046746,0.352379937,2.102868722,2.445196188,0.384940399,0.447605115,0.319750128,0.371802475,0.95917834,1.115323651,1.933031065,2.247710541
1302,고딩엄빠4(본),오락,MBN,2023-11-15 0:00:00,수,22:24:21,22:58:08,33:47:00,17회,0.678023517,0.788399438,0.429341855,0.499234715,0,0,0,0,0.01267717,0.014740896,0.021286331,0.024751548,0.330496117,0.38429781,1.165653099,1.35541058,0.016862996,0.019608135,0.259844961,0.302145303,0.719028716,0.836079902,0.283950041,0.330174467,0.7242537,0.842155466,1.092404564,1.270237865,1.785666809,2.076356755
464,조선의사랑꾼(본),오락,TV CHOSUN,2023-12-18 0:00:00,월,22:08:06,23:40:16,3:41,22회,1.44837158,1.524601663,0.009013408,0.009487798,0.030608973,0.032219972,0.398800012,0.419789486,0.364028428,0.383187819,0.933246907,0.982365165,0.594302688,0.625581776,0.596618326,0.628019291,0.973632284,1.024876088,0.590056002,0.621111581,0.315166211,0.331753906,0.908243735,0.956046037,1.095173156,1.152813849,2.81885617,2.967217021,4.168912128,4.388328556
628,조선의사랑꾼(본),오락,TV CHOSUN,2023-12-25 0:00:00,월,22:09:01,23:03:11,34:10:00,23회,1.166438686,1.310605265,0,0,0,0,0.416904902,0.468432475,0.312786589,0.351445605,0.830644623,0.933308565,0.570917781,0.641480653,0.568474315,0.638735186,0.68389095,0.768416797,0.401680403,0.451326295,0.856181696,0.962001906,1.410574801,1.584915507,1.63966648,1.842321887,1.552311016,1.74416968,2.75649853,3.09718936
999,고딩엄빠4(본),오락,MBN,2023-12-20 0:00:00,수,22:23:36,22:51:05,27:29:00,22회,0.875401377,1.029883973,0.10340128,0.121648565,0,0,0,0,0.11534604,0.135701224,0.174452353,0.205238062,0.161340648,0.189812527,1.252467931,1.473491683,0.656083139,0.771862517,1.278711619,1.504366611,1.154519095,1.358257758,0.304626501,0.358384118,0.659321174,0.775671969,1.239639623,1.458399556,1.941651393,2.284295756
1464,고딩엄빠4(본),오락,MBN,2023-12-13 0:00:00,수,22:21:52,22:51:58,54:39:00,21회,0.652007468,0.767067609,0,0,0,0,0.246971333,0.290554509,0.123471702,0.145260825,0.116767595,0.137373641,0.146287732,0.172103215,0.678664478,0.798428797,0.492007848,0.578832763,0.265963623,0.31289838,0.949396154,1.116936652,0.343738092,0.404397755,0.729347425,0.858055795,1.066932756,1.255215007,1.488455994,1.751124698
1864,고딩엄빠4(본),오락,MBN,2023-12-06 0:00:00,수,22:22:09,22:50:33,56:56:00,20회,0.532807463,0.619543562,0.005900401,0.006860932,0.00318036,0.003698093,0.130301228,0.151513056,0.131647055,0.153077971,0.003230815,0.003756761,0.006644988,0.00772673,0.921255832,1.071227712,0,0,0.510310245,0.593384006,0.631586197,0.734402555,0.304456976,0.35401974,0.572679851,0.665906804,0.731819737,0.850953183,1.346940133,1.566209456
286,조선의사랑꾼(본),오락,TV CHOSUN,2023-02-13 0:00:00,월,22:09:37,23:05:43,37:55:00,8회,1.798830009,1.913648946,1.240489482,1.319669662,0.174051801,0.18516149,0.559019336,0.594701421,0.211693121,0.225205448,0.46519092,0.494883958,0.450138328,0.478870561,1.236688019,1.315625552,1.026229069,1.091733052,0.674007337,0.717029082,0.832160547,0.885277178,1.341399025,1.427020239,2.330925087,2.47970754,3.714273314,3.951354589,4.525428175,0.107571798
320,조선의사랑꾼(본),오락,TV CHOSUN,2023-02-20 0:00:00,월,22:09:20,23:22:27,73:07:00,9회,1.669000801,1.854445334,1.02317128,1.136856978,0.304620707,0.338467452,1.850850529,2.056500588,1.23109725,1.367885834,0.717694911,0.79743879,0.764407512,0.84934168,1.261991497,1.402212775,0.665396829,0.73932981,0.45313588,0.503484312,1.867461766,2.074957518,1.297745206,1.441939118,2.15576167,2.395290744,2.361363245,2.623736939,3.583702085,0.011137146
476,조선의사랑꾼(본),오락,TV CHOSUN,2023-02-06 0:00:00,월,22:09:07,23:05:00,38:32:00,7회,1.309190253,1.378095003,0,0,0,0,0.070136757,0.073828165,0.00620303,0.006529505,0.477957659,0.503113326,0.286348346,0.301419312,0.552122477,0.581181555,1.164161225,1.225432869,0.424087119,0.446407494,0.572784775,0.602931342,1.059463757,1.115225007,2.378240714,2.503411278,2.310571987,2.432181039,3.494162147,0.525989428
653,조선의사랑꾼(본),오락,TV CHOSUN,2023-02-27 0:00:00,월,22:09:33,23:02:04,40:12:00,10회,1.064291327,1.144399277,0,0,0,0,0.008364858,0.008994471,0,0,0.397177853,0.427072961,0.455995899,0.490318171,0.859273608,0.923950116,0.524807779,0.56430944,0.307565126,0.33071519,0.454399947,0.488602094,1.064566617,1.144695287,1.378282791,1.482024506,2.17089986,2.334300925,2.731664417,0.152118304
678,고딩엄빠3(본),오락,MBN,2023-02-22 0:00:00,수,22:24:41,23:14:04,36:34:00,6회,1.038415468,1.207459847,0.091541903,0.106444074,0,0,0.386894371,0.449877176,0.021272104,0.024735004,0.081174074,0.094388458,0.271937469,0.31620636,0.59677527,0.693924732,0.405210053,0.471174481,0.629869644,0.732406562,2.067653644,2.404248423,1.126654241,1.31006307,2.566316873,2.984089387,1.361992332,1.583712014,1.664230866,0.00208773
839,고딩엄빠3(본),오락,MBN,2023-02-15 0:00:00,수,22:26:36,23:16:42,50:06:00,5회,0.91704538,1.091720691,0,0,0.489460301,0.582690834,0.303732063,0.361585789,0.374712524,0.446086338,0.080696245,0.096066958,0.242924636,0.289195995,0.253616393,0.301924278,0.782374843,0.931398622,0.5059616,0.602335238,1.211499816,1.442261686,0.794322398,0.945621903,1.697390213,2.020702635,1.220902458,1.453455307,2.064185328,0.010460535
994,고딩엄빠3(본),오락,MBN,2023-02-01 0:00:00,수,22:24:53,23:14:59,50:06:00,3회,0.827289568,0.961964614,0.527102356,0.612909716,0,0,0.650573175,0.756480436,0.64267011,0.747290826,0.104742591,0.12179371,0.382887868,0.445218452,0.235483233,0.273817713,0.329114118,0.382690835,0.720524885,0.837819633,0.675718057,0.785718671,0.957491987,1.113362775,0.846324917,0.984098741,1.230586483,1.430914515,1.940520361,0.00725741
1006,고딩엄빠3(본),오락,MBN,2023-02-08 0:00:00,수,22:23:16,23:10:23,47:07:00,4회,0.819340534,0.96393004,0,0,0,0,0.763991581,0.898813624,0.226808992,0.266834108,0.665618447,0.783080526,0.124726513,0.146737074,0.700571149,0.824201352,0.988601848,1.163060998,0.614085273,0.722453263,0.792790886,0.93269516,0.508192101,0.59787306,0.971667655,1.143138417,1.05245351,1.2381806,1.708391184,0
276,조선의사랑꾼(본),오락,TV CHOSUN,2023-03-20 0:00:00,월,22:09:52,22:19:37,9:45,13회,1.809078234,2.032672173,0,0,0.558891904,0.627968432,0.76287501,0.857162933,0.008130917,0.009135861,0.194932592,0.219025385,0.617729709,0.694078325,0.496177014,0.557502263,0.947727568,1.064862436,1.754088087,1.970885492,0.645467742,0.725244654,1.294506524,1.454501712,2.19465836,2.46590827,3.839665392,4.314230777,4.703096051,5.284377585
341,조선의사랑꾼(본),오락,TV CHOSUN,2023-03-13 0:00:00,월,22:09:32,22:21:06,11:34,12회,1.644962069,1.788002249,0,0,0.825500507,0.89728316,0.112269219,0.12203176,1.104493616,1.200536539,0.594973926,0.646710789,0.271083088,0.294655531,0.335081953,0.364219514,0.847738683,0.921455091,1.15165901,1.251803271,1.116259916,1.213325996,1.183825541,1.286766892,2.142789313,2.329118818,3.265449972,3.549402144,4.122119599,4.480564782
435,조선의사랑꾼(본),오락,TV CHOSUN,2023-03-06 0:00:00,월,22:09:07,22:56:59,47:52:00,11회,1.411813573,1.680730444,0.901510801,1.073227144,0.02998761,0.035699536,0.131788098,0.156890593,0.006225585,0.007411411,0.735285926,0.875340388,0.374299772,0.445594966,0.50922931,0.606225369,0.923540855,1.099453399,0.418339133,0.498022777,0.463529518,0.551820855,0.541477765,0.644616387,1.544806624,1.839055505,3.562602464,4.241193409,3.835026885,4.565508196
517,고딩엄빠3(본),오락,MBN,2023-03-15 0:00:00,수,22:24:32,23:16:25,32:30:00,9회,1.247233613,1.5026911,0.087657557,0.105611514,0.675431518,0.813772913,0.159506518,0.192176527,0.894826518,1.078104239,0.037196946,0.044815597,0.353349476,0.425722261,0.563929701,0.679433374,0.616087334,0.742273896,1.012635035,1.220042211,0.854852952,1.029943315,1.273326717,1.534128574,1.643665366,1.980319718,2.175431379,2.621001661,2.977291655,3.587098379
582,고딩엄빠3(본),오락,MBN,2023-03-01 0:00:00,수,22:22:22,23:11:51,49:29:00,7회,1.146511668,1.348837256,1.531710927,1.802012856,0.0313431,0.036874235,0.224629965,0.264270548,0.295265089,0.347370692,0.160747881,0.189115154,0.259473984,0.30526351,0.711265332,0.836782744,0.779083004,0.91656824,0.831124377,0.977793385,0.797454128,0.938181327,0.735819053,0.865669474,1.115429714,1.312270251,2.063996403,2.428231063,2.98579235,3.512696882
666,고딩엄빠3(본),오락,MBN,2023-03-08 0:00:00,수,22:23:18,23:13:45,50:27:00,8회,1.062819018,1.250375316,0.052185617,0.061394843,0.910307271,1.07094973,0.331554554,0.390064181,0.407616363,0.479548662,0.098306293,0.115654462,0.086888979,0.102222329,0.325711411,0.383189895,1.165541501,1.371225295,0.646825589,0.760971281,1.463765368,1.722076903,0.494248097,0.581468349,1.439371475,1.693378206,1.854834191,2.182157872,2.428686991,2.857278813
676,조선의사랑꾼(본),오락,TV CHOSUN,2023-03-27 0:00:00,월,22:08:14,22:51:52,46:13:00,14회,1.053350779,1.170389755,0,0,0.110978272,0.123309191,0.234704055,0.260782283,0.372242864,0.413603182,0.377977476,0.419974973,0.190292029,0.211435588,0.364627078,0.405141198,0.719864347,0.799849274,0.79756953,0.886188367,0.459400302,0.51044478,0.422563209,0.469514676,1.441377867,1.601530963,2.21745454,2.463838377,2.760799359,3.067554843
767,고딩엄빠3(본),오락,MBN,2023-03-22 0:00:00,수,22:24:16,23:10:22,46:06:00,10회,0.978085288,1.137308475,1.572914529,1.828970383,0.693816819,0.806763743,0.030208002,0.035125583,0.363774794,0.422993947,0.099856242,0.116111909,0.250084901,0.290796397,0.726602068,0.844886126,0.897189519,1.043243627,0.905127322,1.05247363,0.967220512,1.124675015,0.476360877,0.553907996,1.17600112,1.367443163,1.559411549,1.813269243,2.094487208,2.435450241
1190,고딩엄빠3(본),오락,MBN,2023-03-29 0:00:00,수,22:23:53,23:37:59,74:06:00,11회,0.728299427,0.984188415,0,0,0,0,0.239218895,0.323268777,0.470995935,0.636480993,0.118752665,0.160476574,0.061385337,0.082953158,0.276189724,0.373229356,0.824961402,1.114812705,0.74820578,1.011088892,0.703456449,0.950616822,0.715656293,0.967103098,1.018021604,1.37570487,1.148209226,1.55163409,1.490232058,2.013827106
,,,,,,,,,,,,,,,,,,,,,,,,,,,,,,,,,,,,,,,
,,,,,,,,,,,,,,,,,,,,,,,,,,,,,,,,,,,,,,,
,,,,,,,,,,,,,,,,,,,,,,,,,,,,,,,,,,,,,,,
351,조선의사랑꾼(본),오락,TV CHOSUN,2023-04-17 0:00:00,월,22:09:38,22:57:04,47:52:00,17회,1.545657174,1.627007552,0.10266073,0.108063926,0,0,0.695555244,0.732163415,0.369109351,0.388536159,0.762818112,0.802966433,0.142932748,0.150455525,0.624058817,0.656904017,0.681439449,0.717304683,1.102309079,1.160325346,0.826688428,0.870198345,0.864975061,0.910500064,1.369231042,1.441295833,2.952102394,3.107476204,4.30487134,4.531443516
367,조선의사랑꾼(본),오락,TV CHOSUN,2023-04-03 0:00:00,월,22:09:38,23:09:01,59:23:00,15회,1.518062416,1.632325179,0,0,0.2936653,0.31576914,1.115829113,1.19981625,0.162716569,0.174964052,0.945394072,1.016552765,0.442937457,0.476276836,0.469332649,0.504658763,0.822774343,0.884703594,0.698103715,0.750649156,1.030206845,1.107749296,1.243752633,1.337368422,1.856502068,1.996238783,2.783343793,2.992842789,3.584816545,3.854641446
411,조선의사랑꾼(본),오락,TV CHOSUN,2023-04-10 0:00:00,월,22:09:22,23:03:32,54:10:00,16회,1.402657683,1.558508536,0.632533759,0.702815288,0.010322252,0.011469169,0.036357504,0.040397227,0.300805567,0.334228408,0.585387566,0.650430628,0.608489799,0.676099777,0.704737881,0.78304209,1.06015206,1.177946734,0.348279488,0.386977209,0.477727475,0.530808306,2.016976998,2.241085554,1.493049764,1.658944182,2.381496647,2.646107386,3.506984663,3.896649625
420,조선의사랑꾼(본),오락,TV CHOSUN,2023-04-24 0:00:00,월,22:09:40,22:57:48,44:29:00,18회,1.386340616,1.490688834,0,0,0,0,0.165529627,0.177988847,0.213548863,0.229622434,0.243494244,0.261821767,0.361187736,0.38837391,0.709897411,0.763330549,0.562398856,0.604729953,1.111776907,1.195459039,0.650050827,0.698979384,1.326823005,1.426691403,2.087332385,2.244443425,2.546759654,2.738451241,3.367609821,3.621085829
547,고딩엄빠3(본),오락,MBN,2023-04-05 0:00:00,수,22:25:15,23:15:48,35:16:00,12회,1.158897545,1.347555285,0.314478558,0.365672742,0,0,0.006682121,0.007769908,1.413951407,1.644129544,1.306037318,1.518648044,0.185483737,0.215678765,0.543478834,0.631952132,0.759337196,0.882950228,0.800691764,0.931036935,0.780404477,0.907447066,1.1257989,1.309068488,1.292957543,1.503439004,1.849195033,2.150226783,2.312096663,2.688484492
794,고딩엄빠3(본),오락,MBN,2023-04-12 0:00:00,수,22:25:58,23:16:08,50:10:00,13회,0.900697966,1.085178273,1.21384118,1.462459253,0.143951655,0.173435729,0.660426385,0.795694439,0.071777783,0.086479257,0.001751831,0.00211064,0.076565497,0.092247587,1.072698513,1.292407847,0.669885398,0.807090841,0.672822646,0.810629694,1.005917053,1.211948257,0.22017201,0.265267482,1.274880309,1.536000372,1.388118917,1.67243243,1.89037553,2.27756088
850,고딩엄빠3(본),오락,MBN,2023-04-19 0:00:00,수,22:25:08,23:18:43,53:35:00,14회,0.867263305,0.996854374,0.332621667,0.382323755,0,0,0.315545782,0.362696301,0.125985257,0.14481064,0.211674274,0.243303763,0.238491617,0.274128296,0.389094675,0.447235258,0.936269522,1.076171864,1.105683956,1.270901099,0.283228053,0.325549486,0.547318311,0.629101507,1.093174266,1.256522145,1.3302812,1.52905885,2.077230523,2.387621291
1264,고딩엄빠3(본),오락,MBN,2023-04-26 0:00:00,수,22:23:21,23:05:43,9:16,15회,0.659062136,0.757542685,0.472501827,0.543105549,0,0,0.266020545,0.305770741,0.036906595,0.042421373,0.034629838,0.039804412,0.321755416,0.369833812,0.59821604,0.687604644,0.577233517,0.663486801,0.326429949,0.375206838,0.527075073,0.605833417,0.956736269,1.099696861,0.819932654,0.942451326,0.927035209,1.065557711,1.34741419,1.548751943
220,조선의사랑꾼(본),오락,TV CHOSUN,2023-05-15 0:00:00,월,22:09:35,23:08:41,59:06:00,21회,1.9406705,1.687539565,0,0,0,0,0.089239822,0.077599845,0.085691529,0.074514373,0.820233068,0.713246146,0.371922625,0.323410979,1.422727642,1.237154472,1.342373077,1.167280936,1.295198577,1.126259632,0.178406209,0.155135834,1.429170665,1.2427571,2.360471854,2.052584221,3.237760174,2.815443629,5.580792575,4.852863108
295,조선의사랑꾼(본),오락,TV CHOSUN,2023-05-01 0:00:00,월,22:09:28,23:21:38,72:10:00,19회,1.699843049,1.888714498,0,0,0,0,0.239267399,0.265852666,0.40242249,0.4471361,0.593628088,0.659586764,0.92586492,1.0287388,0.855316032,0.950351147,0.857126135,0.952362373,1.01579948,1.128666089,1.554556424,1.727284915,1.538746847,1.709718719,2.383421913,2.64824657,2.734187304,3.037985894,3.950392058,4.389324509
507,조선의사랑꾼(본),오락,TV CHOSUN,2023-05-08 0:00:00,월,22:09:52,23:01:34,46:58:00,20회,1.287195191,1.300197162,0.100153406,0.101165057,0,0,0,0,0.049080427,0.049576189,0.285623219,0.288508302,0.26529863,0.267978414,0.52550712,0.530815273,0.583916325,0.58981447,1.385335002,1.399328285,0.405017477,0.409108562,0.90980283,0.918992757,1.504750615,1.519950116,2.498132749,2.523366413,3.474807175,3.509906237
641,고딩엄빠3(본),오락,MBN,2023-05-03 0:00:00,수,22:23:30,23:13:04,49:34:00,16회,1.109401043,1.290001213,0.823970693,0.958105457,0.52093258,0.605735558,0.650881446,0.75683889,0.995993733,1.158132247,0.081028298,0.094218952,0.144296979,0.167787185,1.080448816,1.256335833,0.594302266,0.691049146,0.628250799,0.730524184,1.076963098,1.252282672,0.454211963,0.528153446,2.267888943,2.637080166,1.829822564,2.127700656,1.913041376,2.224466717
706,고딩엄빠3(본),오락,MBN,2023-05-31 0:00:00,수,22:23:24,23:26:33,63:09:00,20회,1.035928892,1.177191923,0,0,0,0,0.847506884,0.963076005,1.311375061,1.490198933,0.239125159,0.271733135,0.011278421,0.012816387,1.130173377,1.284287928,0.142553047,0.161992099,1.120678798,1.273498634,1.409125484,1.601278959,0.454804487,0.516823281,0.999530599,1.135830226,1.397148634,1.587668902,2.271537174,2.581292243
800,고딩엄빠3(본),오락,MBN,2023-05-10 0:00:00,수,22:23:53,23:17:42,32:24:00,17회,0.939400504,1.092326168,0.110421922,0.128397583,0.453335234,0.527133993,0.317491669,0.36917636,0.49620396,0.576981349,0.216914072,0.252225665,0.283556068,0.329716358,1.044314469,1.21431915,0.50966453,0.592633175,0.611217454,0.71071797,1.248499936,1.451744112,0.724937271,0.842950315,0.934749763,1.086918329,1.104587113,1.28440362,2.212081128,2.572187359
1060,고딩엄빠3(본),오락,MBN,2023-05-24 0:00:00,수,22:24:31,23:17:09,52:38:00,19회,0.778968206,0.905776983,0.922280355,1.072419017,0,0,0.399049673,0.464011248,0.118912526,0.13827038,0.055187415,0.064171413,0.285774551,0.332295989,1.586177352,1.844392269,0.32843394,0.38189993,0.326154747,0.379249706,1.202991208,1.398826986,0.195346346,0.227146914,0.678526352,0.78898413,1.091345705,1.269006633,1.687108705,1.961754309
1404,고딩엄빠3(본),오락,MBN,2023-05-17 0:00:00,수,22:24:13,23:18:13,54:00:00,18회,0.638076514,0.73342128,0.470878237,0.541239353,0,0,0.376962106,0.433289777,0.022286154,0.025616269,0.243275561,0.279627081,0.184591498,0.212174135,0.884382227,1.016531295,0.181650817,0.208794042,0.062738895,0.072113672,0.654913208,0.752773802,0.478136616,0.549582317,0.915457917,1.05225048,0.83304,0.957517241,1.546429451,1.777505116
512,고딩엄빠3(본),오락,MBN,2023-06-14 0:00:00,수,22:22:42,23:17:42,55:00:00,22회,1.242176649,1.427789252,0.845785184,0.972166878,0,0,0.559893204,0.643555407,0.331716225,0.381283017,0.323380756,0.371702018,0.306675275,0.352500316,1.404119299,1.613930229,0.517025923,0.59428267,1.764099632,2.027700727,1.054835651,1.212454772,0.391815893,0.450363096,1.64443982,1.890160713,1.781077687,2.047215732,2.638908647,3.03322833
1125,고딩엄빠3(본),오락,MBN,2023-06-28 0:00:00,수,22:23:38,23:24:54,61:16:00,24회,0.723702925,0.831842443,0.384871642,0.442381198,0,0,0.258740776,0.297403191,0.13368143,0.153656816,0.098376876,0.113076869,0.125826248,0.144627871,1.027323059,1.180831102,0.319531067,0.367277089,0.559551786,0.643162972,1.208469744,1.389045683,0.627451421,0.72120853,0.912024628,1.04830417,0.969092477,1.113899399,1.346669719,1.547896229
1151,고딩엄빠3(본),오락,MBN,2023-06-21 0:00:00,수,22:23:25,23:22:30,27:56:00,23회,0.711936896,0.8090192,0,0,0.076382362,0.086798139,0.260409518,0.295919907,0.383778216,0.436111609,0.052757391,0.05995158,0.008625073,0.00980122,1.066043971,1.211413604,1.180374157,1.341334269,0.583437087,0.66299669,0.40813922,0.463794568,0.455402854,0.517503243,0.969985819,1.102256612,1.055013394,1.198878857,1.321600357,1.501818588
1282,고딩엄빠3(본),오락,MBN,2023-06-07 0:00:00,수,22:23:28,23:20:13,56:45:00,21회,0.652251864,0.749714786,0.607530706,0.698311157,0,0,0.414110347,0.475988904,0.033305679,0.03828239,0.213672873,0.245601004,0.081793221,0.094015196,1.17428944,1.349757977,0.277110131,0.318517392,0.218149607,0.250746675,0.745716004,0.857144832,0.415231664,0.477277774,0.84378164,0.969863954,1.094076114,1.257558751,1.206656829,1.386961872
716,고딩엄빠3(본),오락,MBN,2023-07-12 0:00:00,수,22:23:58,23:32:45,68:47:00,26회,1.019667599,1.172031723,0,0,0.069677028,0.080088537,0.156106103,0.179432303,1.745806985,2.006674696,0.13718301,0.157681621,0.160366288,0.184329067,1.526248511,1.754308634,0.581391338,0.668265905,1.982864996,2.279155167,1.205174431,1.385257966,0.375113277,0.431164686,1.010910595,1.161966202,0.965954414,1.11029243,1.885445571,2.167178818
856,고딩엄빠4(본),오락,MBN,2023-07-26 0:00:00,수,22:25:33,23:29:48,19:46,1회,0.908037432,1.080996943,1.222378785,1.45521284,0.148025357,0.176220663,0.268088392,0.319152848,0.034047016,0.040532162,0.02236957,0.026630441,0.311114922,0.370374907,1.755912262,2.09037174,0.45174138,0.537787357,0.8744145,1.040969643,0.620106642,0.738222193,0.291903024,0.3475036,1.049326075,1.249197708,1.113337256,1.325401495,2.144658594,2.553164993
1031,고딩엄빠3(본),오락,MBN,2023-07-19 0:00:00,수,22:23:45,23:32:43,16:13,27회,0.806865961,0.949254071,0.147731373,0.173801616,0.094994517,0.111758256,0,0,0.227873172,0.268086085,0.069200536,0.081412396,0.035545149,0.041817823,1.078396099,1.268701292,0.456561625,0.537131323,0.660656161,0.777242542,1.257391249,1.479283822,0.290422051,0.341673001,0.373948758,0.439939715,1.387021805,1.631790359,2.02293006,2.379917718
1191,고딩엄빠3(본),오락,MBN,2023-07-05 0:00:00,수,22:25:13,23:27:41,62:28:00,25회,0.724928449,0.842940057,0.842518973,0.979673225,0,0,0.211781282,0.246257304,0,0,0.171892033,0.199874457,0.001313803,0.001527678,1.45816258,1.695537884,0.567378375,0.659742296,0.910976533,1.059275039,0.624009874,0.725592877,0.236654861,0.27518007,0.596057171,0.693089734,1.009601257,1.17395495,1.525884215,1.774283971
468,고딩엄빠4(본),오락,MBN,2023-08-30 0:00:00,수,22:25:23,23:30:16,19:04,6회,1.264062293,1.48713211,0.037220148,0.04378841,0.030524503,0.03591118,0.672823653,0.791557239,1.491074226,1.754204971,0.141393116,0.166344842,0.310048327,0.364762738,1.174979685,1.382329041,0.491971423,0.578789909,0.970832532,1.14215592,2.268579046,2.668916525,0.609817407,0.717432244,1.099099496,1.293058231,2.100107114,2.470714252,2.45097266,2.883497247
519,고딩엄빠4(본),오락,MBN,2023-08-16 0:00:00,수,22:25:13,23:35:17,70:04:00,4회,1.173093522,1.380110026,0.594748712,0.699704367,0.250729497,0.294975879,0.267155846,0.314300996,0.276375813,0.325148015,0.525824295,0.618616817,0.512635636,0.603100748,1.704398484,2.005174687,0.361153247,0.424886173,1.792140221,2.10840026,1.416152337,1.666061573,0.314308657,0.36977489,1.226026941,1.442384636,1.599214371,1.881428671,2.262191712,2.661402014
671,고딩엄빠4(본),오락,MBN,2023-08-09 0:00:00,수,22:25:29,23:30:07,64:38:00,3회,1.031757684,1.199718237,0.072482432,0.084281897,0,0,0.511548003,0.594823259,1.704434186,1.981900217,0.029885876,0.034751019,0.041634178,0.048411835,0.467923532,0.544097131,0.382609199,0.444894417,1.112956084,1.294134981,2.573354505,2.99227268,0.364301569,0.423606476,0.893852977,1.039363927,1.422077164,1.653578098,2.00532086,2.331768442
846,고딩엄빠4(본),오락,MBN,2023-08-02 0:00:00,수,22:25:44,23:32:50,67:06:00,2회,0.902569471,1.061846436,0.304843376,0.358639265,0,0,0.002524055,0.002969476,0.148263189,0.174427282,1.474287801,1.734456236,0.250047063,0.294173015,0.97216782,1.143726847,1.728159292,2.033128579,0.880960222,1.036423791,0.754802812,0.888003308,0.328264357,0.386193361,0.837413511,0.985192366,1.256933456,1.478745242,1.420539238,1.671222633
1046,고딩엄빠4(본),오락,MBN,2023-08-23 0:00:00,수,22:24:45,23:26:07,23:43,5회,0.789052423,0.928296968,0,0,0.046038058,0.054162421,0.856247947,1.007350526,0.446903188,0.525768456,0.048112581,0.056603037,0.149816482,0.176254684,1.135365627,1.335724267,0.829670615,0.976083076,0.704856995,0.829243523,0.596173896,0.701381054,0.46331237,0.545073377,1.408267388,1.656785162,1.001724372,1.178499261,1.328148836,1.562528043
477,고딩엄빠4(본),오락,MBN,2023-09-27 0:00:00,수,22:26:27,23:32:57,66:30:00,10회,1.233101071,1.450707142,0.019491593,0.022931286,0,0,0.280872467,0.330438196,0.208182554,0.244920651,0.175840684,0.206871393,0.618794044,0.727992993,1.675203681,1.97082786,0.380633194,0.447803757,0.664158095,0.781362464,1.25800349,1.480004105,0.75307761,0.885973659,1.173878719,1.381033787,2.094132033,2.463684744,2.995654539,3.524299458
720,고딩엄빠4(본),오락,MBN,2023-09-20 0:00:00,수,22:26:15,23:34:32,68:17:00,9회,0.973313211,1.131759548,0,0,0,0,0.342725698,0.398518253,1.393528611,1.620382106,0.04376108,0.050884977,0.222121758,0.258281114,1.018735071,1.184575663,0.524504927,0.60988945,1.542932905,1.794108029,2.437290225,2.834058401,0.261825707,0.304448496,0.588971722,0.68485084,0.935835061,1.088180303,1.841202538,2.140933184
768,고딩엄빠4(본),오락,MBN,2023-09-06 0:00:00,수,22:25:48,23:29:06,22:02,7회,0.940449842,1.106411579,0,0,0,0,0.281597619,0.331291316,0.21649626,0.254701483,0.092482168,0.10880255,0.303134427,0.356628738,1.183657267,1.392537961,0.35945603,0.422889447,1.255947893,1.477585756,1.208631888,1.421919868,0.279076753,0.328325591,1.048670937,1.233730514,1.356780818,1.596212728,2.097298995,2.467410582
1217,고딩엄빠4(본),오락,MBN,2023-09-13 0:00:00,수,22:25:22,23:36:51,13:38,8회,0.673349511,0.782964548,0,0,0,0,0.259368161,0.301590885,0.069782631,0.081142594,0.136296333,0.158484108,0.466100224,0.541977004,1.23579706,1.436973326,0.954495878,1.109878927,0.431840707,0.502140357,0.705171018,0.8199663,0.320478203,0.372649073,0.470581622,0.547187933,0.941593786,1.094876496,1.343379843,1.562069584
1205,고딩엄빠(본),오락,MBN,2022-03-27 0:00:00,일,21:20:31,22:02:52,44:20:00,4회,0.890527432,1.035497014,0.122493329,0.142434103,0.655045114,0.761680365,0.168992651,0.196503082,0.654643606,0.761213495,0.048084578,0.0559123,0.066684746,0.077540403,0.335186542,0.389751793,1.147567461,1.334380769,0.181831479,0.211431952,0.761050234,0.884942133,0.872419827,1.014441659,1.15196715,1.339496686,1.409890477,1.639407532,2.34575028,2.727616604
1208,고딩엄빠(본),오락,MBN,2022-03-13 0:00:00,일,21:20:40,21:56:15,35:35:00,2회,0.88796086,1.032512628,0.620165449,0.721122615,0.090188727,0.104870613,0.129977845,0.151137029,0.529623284,0.615841028,0.728248218,0.846800254,0.76741313,0.892340849,0.321655427,0.374017938,1.620614723,1.884435724,0.540375765,0.628343913,0.461236514,0.536321527,1.140864034,1.326586086,1.31559357,1.529759965,0.721800265,0.839302634,1.732552516,2.014595949
1435,고딩엄빠(본),오락,MBN,2022-03-20 0:00:00,일,21:20:14,21:59:33,46:53:00,3회,0.784261443,0.901449934,2.535322403,2.914163681,1.74051127,2.000587667,0.090266863,0.103755015,0.696395424,0.80045451,0.115025499,0.132213217,0.122922763,0.141290532,0.589998245,0.678158903,0.501364979,0.576281585,0.694356508,0.798110929,0.834447739,0.959135332,0.533474911,0.613189552,0.51813843,0.595561414,1.085634904,1.247856211,1.542517689,1.773008838
2004,고딩엄빠(본),오락,MBN,2022-03-06 0:00:00,일,21:20:38,22:02:21,41:43:00,1회,0.578205054,0.696632595,0.136815642,0.164838123,0.400900942,0.483013183,0.034023692,0.040992399,0.560855861,0.675729953,0.024452459,0.029460793,0.032759012,0.039468689,0.077566149,0.093453191,0.266988143,0.321672461,0.572018588,0.689179021,1.045446403,1.259573979,0.281167066,0.338755501,0.755247176,0.909936357,1.119942391,1.349328182,1.220766754,1.470803318